<annotation>
	<folder>images</folder>
	<filename>00078.jpg</filename>
	<path>C:\Users\ny_s\Desktop\car\images\00078.jpg</path>
	<source>
		<database>Unknown</database>
	</source>
	<size>
		<width>640</width>
		<height>480</height>
		<depth>3</depth>
	</size>
	<segmented>0</segmented>
	<object>
		<name>car</name>
		<pose>Unspecified</pose>
		<truncated>0</truncated>
		<difficult>0</difficult>
		<bndbox>
			<xmin>30</xmin>
			<ymin>83</ymin>
			<xmax>616</xmax>
			<ymax>419</ymax>
		</bndbox>
	</object>
	<object>
		<name>Front</name>
		<pose>Unspecified</pose>
		<truncated>0</truncated>
		<difficult>0</difficult>
		<bndbox>
			<xmin>30</xmin>
			<ymin>195</ymin>
			<xmax>261</xmax>
			<ymax>412</ymax>
		</bndbox>
	</object>
	<object>
		<name>Left</name>
		<pose>Unspecified</pose>
		<truncated>0</truncated>
		<difficult>0</difficult>
		<bndbox>
			<xmin>323</xmin>
			<ymin>182</ymin>
			<xmax>585</xmax>
			<ymax>352</ymax>
		</bndbox>
	</object>
</annotation>
