<annotation>
	<folder>images</folder>
	<filename>00080.jpg</filename>
	<path>C:\Users\ny_s\Desktop\car\images\00080.jpg</path>
	<source>
		<database>Unknown</database>
	</source>
	<size>
		<width>300</width>
		<height>224</height>
		<depth>3</depth>
	</size>
	<segmented>0</segmented>
	<object>
		<name>car</name>
		<pose>Unspecified</pose>
		<truncated>0</truncated>
		<difficult>0</difficult>
		<bndbox>
			<xmin>24</xmin>
			<ymin>19</ymin>
			<xmax>291</xmax>
			<ymax>212</ymax>
		</bndbox>
	</object>
	<object>
		<name>Front</name>
		<pose>Unspecified</pose>
		<truncated>0</truncated>
		<difficult>0</difficult>
		<bndbox>
			<xmin>51</xmin>
			<ymin>69</ymin>
			<xmax>288</xmax>
			<ymax>188</ymax>
		</bndbox>
	</object>
	<object>
		<name>Right</name>
		<pose>Unspecified</pose>
		<truncated>0</truncated>
		<difficult>0</difficult>
		<bndbox>
			<xmin>25</xmin>
			<ymin>49</ymin>
			<xmax>51</xmax>
			<ymax>131</ymax>
		</bndbox>
	</object>
	<object>
		<name>Left</name>
		<pose>Unspecified</pose>
		<truncated>0</truncated>
		<difficult>0</difficult>
		<bndbox>
			<xmin>205</xmin>
			<ymin>60</ymin>
			<xmax>223</xmax>
			<ymax>68</ymax>
		</bndbox>
	</object>
</annotation>
