<annotation>
	<folder>images</folder>
	<filename>00077.jpg</filename>
	<path>C:\Users\ny_s\Desktop\car\images\00077.jpg</path>
	<source>
		<database>Unknown</database>
	</source>
	<size>
		<width>3552</width>
		<height>2153</height>
		<depth>3</depth>
	</size>
	<segmented>0</segmented>
	<object>
		<name>car</name>
		<pose>Unspecified</pose>
		<truncated>0</truncated>
		<difficult>0</difficult>
		<bndbox>
			<xmin>32</xmin>
			<ymin>154</ymin>
			<xmax>3497</xmax>
			<ymax>1999</ymax>
		</bndbox>
	</object>
	<object>
		<name>Front</name>
		<pose>Unspecified</pose>
		<truncated>0</truncated>
		<difficult>0</difficult>
		<bndbox>
			<xmin>2127</xmin>
			<ymin>801</ymin>
			<xmax>3484</xmax>
			<ymax>1831</ymax>
		</bndbox>
	</object>
	<object>
		<name>Rear</name>
		<pose>Unspecified</pose>
		<truncated>0</truncated>
		<difficult>0</difficult>
		<bndbox>
			<xmin>47</xmin>
			<ymin>519</ymin>
			<xmax>184</xmax>
			<ymax>1176</ymax>
		</bndbox>
	</object>
	<object>
		<name>Right</name>
		<pose>Unspecified</pose>
		<truncated>0</truncated>
		<difficult>0</difficult>
		<bndbox>
			<xmin>207</xmin>
			<ymin>514</ymin>
			<xmax>1679</xmax>
			<ymax>1609</ymax>
		</bndbox>
	</object>
</annotation>
