<annotation>
	<folder>images</folder>
	<filename>00073.jpg</filename>
	<path>C:\Users\ny_s\Desktop\car\images\00073.jpg</path>
	<source>
		<database>Unknown</database>
	</source>
	<size>
		<width>320</width>
		<height>240</height>
		<depth>3</depth>
	</size>
	<segmented>0</segmented>
	<object>
		<name>car</name>
		<pose>Unspecified</pose>
		<truncated>0</truncated>
		<difficult>0</difficult>
		<bndbox>
			<xmin>12</xmin>
			<ymin>12</ymin>
			<xmax>315</xmax>
			<ymax>225</ymax>
		</bndbox>
	</object>
	<object>
		<name>Front</name>
		<pose>Unspecified</pose>
		<truncated>0</truncated>
		<difficult>0</difficult>
		<bndbox>
			<xmin>15</xmin>
			<ymin>69</ymin>
			<xmax>210</xmax>
			<ymax>199</ymax>
		</bndbox>
	</object>
	<object>
		<name>Left</name>
		<pose>Unspecified</pose>
		<truncated>0</truncated>
		<difficult>0</difficult>
		<bndbox>
			<xmin>243</xmin>
			<ymin>44</ymin>
			<xmax>310</xmax>
			<ymax>153</ymax>
		</bndbox>
	</object>
	<object>
		<name>Right</name>
		<pose>Unspecified</pose>
		<truncated>0</truncated>
		<difficult>0</difficult>
		<bndbox>
			<xmin>96</xmin>
			<ymin>50</ymin>
			<xmax>111</xmax>
			<ymax>57</ymax>
		</bndbox>
	</object>
</annotation>
