<annotation>
	<folder>images</folder>
	<filename>00076.jpg</filename>
	<path>C:\Users\ny_s\Desktop\car\images\00076.jpg</path>
	<source>
		<database>Unknown</database>
	</source>
	<size>
		<width>300</width>
		<height>187</height>
		<depth>3</depth>
	</size>
	<segmented>0</segmented>
	<object>
		<name>car</name>
		<pose>Unspecified</pose>
		<truncated>0</truncated>
		<difficult>0</difficult>
		<bndbox>
			<xmin>11</xmin>
			<ymin>26</ymin>
			<xmax>286</xmax>
			<ymax>166</ymax>
		</bndbox>
	</object>
	<object>
		<name>Front</name>
		<pose>Unspecified</pose>
		<truncated>0</truncated>
		<difficult>0</difficult>
		<bndbox>
			<xmin>158</xmin>
			<ymin>70</ymin>
			<xmax>285</xmax>
			<ymax>151</ymax>
		</bndbox>
	</object>
	<object>
		<name>Right</name>
		<pose>Unspecified</pose>
		<truncated>0</truncated>
		<difficult>0</difficult>
		<bndbox>
			<xmin>26</xmin>
			<ymin>50</ymin>
			<xmax>112</xmax>
			<ymax>134</ymax>
		</bndbox>
	</object>
</annotation>
