<annotation>
	<folder>images</folder>
	<filename>00079.jpg</filename>
	<path>C:\Users\ny_s\Desktop\car\images\00079.jpg</path>
	<source>
		<database>Unknown</database>
	</source>
	<size>
		<width>750</width>
		<height>469</height>
		<depth>3</depth>
	</size>
	<segmented>0</segmented>
	<object>
		<name>car</name>
		<pose>Unspecified</pose>
		<truncated>0</truncated>
		<difficult>0</difficult>
		<bndbox>
			<xmin>149</xmin>
			<ymin>198</ymin>
			<xmax>179</xmax>
			<ymax>220</ymax>
		</bndbox>
	</object>
	<object>
		<name>Front</name>
		<pose>Unspecified</pose>
		<truncated>0</truncated>
		<difficult>0</difficult>
		<bndbox>
			<xmin>159</xmin>
			<ymin>205</ymin>
			<xmax>178</xmax>
			<ymax>217</ymax>
		</bndbox>
	</object>
	<object>
		<name>car</name>
		<pose>Unspecified</pose>
		<truncated>0</truncated>
		<difficult>0</difficult>
		<bndbox>
			<xmin>136</xmin>
			<ymin>198</ymin>
			<xmax>159</xmax>
			<ymax>227</ymax>
		</bndbox>
	</object>
	<object>
		<name>Front</name>
		<pose>Unspecified</pose>
		<truncated>0</truncated>
		<difficult>0</difficult>
		<bndbox>
			<xmin>141</xmin>
			<ymin>208</ymin>
			<xmax>159</xmax>
			<ymax>225</ymax>
		</bndbox>
	</object>
	<object>
		<name>car</name>
		<pose>Unspecified</pose>
		<truncated>0</truncated>
		<difficult>0</difficult>
		<bndbox>
			<xmin>163</xmin>
			<ymin>121</ymin>
			<xmax>745</xmax>
			<ymax>422</ymax>
		</bndbox>
	</object>
	<object>
		<name>person</name>
		<pose>Unspecified</pose>
		<truncated>0</truncated>
		<difficult>0</difficult>
		<bndbox>
			<xmin>37</xmin>
			<ymin>140</ymin>
			<xmax>145</xmax>
			<ymax>370</ymax>
		</bndbox>
	</object>
	<object>
		<name>Right</name>
		<pose>Unspecified</pose>
		<truncated>0</truncated>
		<difficult>0</difficult>
		<bndbox>
			<xmin>199</xmin>
			<ymin>169</ymin>
			<xmax>453</xmax>
			<ymax>348</ymax>
		</bndbox>
	</object>
	<object>
		<name>Rear</name>
		<pose>Unspecified</pose>
		<truncated>0</truncated>
		<difficult>0</difficult>
		<bndbox>
			<xmin>164</xmin>
			<ymin>193</ymin>
			<xmax>199</xmax>
			<ymax>304</ymax>
		</bndbox>
	</object>
	<object>
		<name>Front</name>
		<pose>Unspecified</pose>
		<truncated>0</truncated>
		<difficult>0</difficult>
		<bndbox>
			<xmin>511</xmin>
			<ymin>195</ymin>
			<xmax>747</xmax>
			<ymax>387</ymax>
		</bndbox>
	</object>
</annotation>
