<annotation>
	<folder>images</folder>
	<filename>00075.jpg</filename>
	<path>C:\Users\ny_s\Desktop\car\images\00075.jpg</path>
	<source>
		<database>Unknown</database>
	</source>
	<size>
		<width>550</width>
		<height>286</height>
		<depth>3</depth>
	</size>
	<segmented>0</segmented>
	<object>
		<name>car</name>
		<pose>Unspecified</pose>
		<truncated>0</truncated>
		<difficult>0</difficult>
		<bndbox>
			<xmin>43</xmin>
			<ymin>69</ymin>
			<xmax>522</xmax>
			<ymax>253</ymax>
		</bndbox>
	</object>
	<object>
		<name>Front</name>
		<pose>Unspecified</pose>
		<truncated>0</truncated>
		<difficult>0</difficult>
		<bndbox>
			<xmin>48</xmin>
			<ymin>127</ymin>
			<xmax>216</xmax>
			<ymax>230</ymax>
		</bndbox>
	</object>
	<object>
		<name>Rear</name>
		<pose>Unspecified</pose>
		<truncated>0</truncated>
		<difficult>0</difficult>
		<bndbox>
			<xmin>485</xmin>
			<ymin>118</ymin>
			<xmax>518</xmax>
			<ymax>207</ymax>
		</bndbox>
	</object>
	<object>
		<name>Left</name>
		<pose>Unspecified</pose>
		<truncated>0</truncated>
		<difficult>0</difficult>
		<bndbox>
			<xmin>266</xmin>
			<ymin>98</ymin>
			<xmax>481</xmax>
			<ymax>222</ymax>
		</bndbox>
	</object>
</annotation>
