<annotation>
	<folder>images</folder>
	<filename>00401.jpg</filename>
	<path>C:\Users\ny_s\Desktop\AI\annotated\car2\images\00401.jpg</path>
	<source>
		<database>Unknown</database>
	</source>
	<size>
		<width>380</width>
		<height>235</height>
		<depth>3</depth>
	</size>
	<segmented>0</segmented>
	<object>
		<name>person</name>
		<pose>Unspecified</pose>
		<truncated>0</truncated>
		<difficult>0</difficult>
		<bndbox>
			<xmin>279</xmin>
			<ymin>148</ymin>
			<xmax>320</xmax>
			<ymax>178</ymax>
		</bndbox>
	</object>
	<object>
		<name>person</name>
		<pose>Unspecified</pose>
		<truncated>0</truncated>
		<difficult>0</difficult>
		<bndbox>
			<xmin>67</xmin>
			<ymin>123</ymin>
			<xmax>118</xmax>
			<ymax>155</ymax>
		</bndbox>
	</object>
</annotation>
