<annotation>
	<folder>images</folder>
	<filename>00402.jpg</filename>
	<path>C:\Users\ny_s\Desktop\AI\annotated\car2\images\00402.jpg</path>
	<source>
		<database>Unknown</database>
	</source>
	<size>
		<width>400</width>
		<height>300</height>
		<depth>3</depth>
	</size>
	<segmented>0</segmented>
	<object>
		<name>person</name>
		<pose>Unspecified</pose>
		<truncated>0</truncated>
		<difficult>0</difficult>
		<bndbox>
			<xmin>38</xmin>
			<ymin>114</ymin>
			<xmax>164</xmax>
			<ymax>185</ymax>
		</bndbox>
	</object>
</annotation>
